{"cameraMode":{"drawMode":0,"name":"Shaded","section":"Shading Mode"},"sceneLighting":false,"audioPlay":false,"sceneViewState":{"m_AlwaysRefresh":false,"showFog":true,"showSkybox":true,"showFlares":true,"showImageEffects":true,"showParticleSystems":true,"showVisualEffectGraphs":true,"m_FxEnabled":true},"in2DMode":false,"pivot":{"x":1.0857138633728028,"y":14.712182998657227,"z":2.8177642822265627},"rotation":{"x":-0.058796778321266177,"y":0.34457603096961977,"z":0.02163713052868843,"w":0.9367038607597351},"size":26.900157928466798,"orthographic":false}