{"cameraMode":{"drawMode":0,"name":"Shaded","section":"Shading Mode"},"sceneLighting":false,"audioPlay":false,"sceneViewState":{"m_AlwaysRefresh":false,"showFog":true,"showSkybox":false,"showFlares":true,"showImageEffects":true,"showParticleSystems":true,"showVisualEffectGraphs":true,"m_FxEnabled":true},"in2DMode":false,"pivot":{"x":-0.270560085773468,"y":0.8082834482192993,"z":-0.04857516288757324},"rotation":{"x":-0.04639451578259468,"y":0.9526427388191223,"z":-0.2334405928850174,"w":-0.18934431672096253},"size":0.9020209312438965,"orthographic":false}